Continent,Subregion,Country,Link
유럽,서유럽,네덜란드,https://www.myrealtrip.com/countries?key_name=Netherlands
유럽,서유럽,독일,https://www.myrealtrip.com/countries?key_name=Germany
유럽,서유럽,룩셈부르크,https://www.myrealtrip.com/countries?key_name=Luxembourg
유럽,서유럽,모나코,https://www.myrealtrip.com/countries?key_name=Monaco
유럽,서유럽,벨기에,https://www.myrealtrip.com/countries?key_name=Belgium
유럽,서유럽,스위스,https://www.myrealtrip.com/countries?key_name=Switzerland
유럽,서유럽,아일랜드,https://www.myrealtrip.com/countries?key_name=Ireland
유럽,서유럽,영국,https://www.myrealtrip.com/countries?key_name=United+Kingdom
유럽,서유럽,오스트리아,https://www.myrealtrip.com/countries?key_name=Austria
유럽,서유럽,이탈리아,https://www.myrealtrip.com/countries?key_name=Italy
유럽,서유럽,프랑스,https://www.myrealtrip.com/countries?key_name=France
유럽,서유럽,프랑스 남부 지역,https://www.myrealtrip.com/countries?key_name=French+Southern+Territories
유럽,남유럽 / 지중해 / 터키,그리스,https://www.myrealtrip.com/countries?key_name=Greece
유럽,남유럽 / 지중해 / 터키,몬테네그로,https://www.myrealtrip.com/countries?key_name=Montenegro
유럽,남유럽 / 지중해 / 터키,몰타,https://www.myrealtrip.com/countries?key_name=Malta
유럽,남유럽 / 지중해 / 터키,바티칸,https://www.myrealtrip.com/countries?key_name=Holy+See+%28Vatican+City+State%29
유럽,남유럽 / 지중해 / 터키,보스니아 헤르체고비나,https://www.myrealtrip.com/countries?key_name=Bosnia+and+Herzegovina
유럽,남유럽 / 지중해 / 터키,스페인,https://www.myrealtrip.com/countries?key_name=Spain
유럽,남유럽 / 지중해 / 터키,슬로베니아,https://www.myrealtrip.com/countries?key_name=Slovenia
유럽,남유럽 / 지중해 / 터키,안도라,https://www.myrealtrip.com/countries?key_name=Andorra
유럽,남유럽 / 지중해 / 터키,영국령 지브롤터,https://www.myrealtrip.com/countries?key_name=Gibraltar
유럽,남유럽 / 지중해 / 터키,크로아티아,https://www.myrealtrip.com/countries?key_name=Croatia
유럽,남유럽 / 지중해 / 터키,터키,https://www.myrealtrip.com/countries?key_name=Turkey
유럽,남유럽 / 지중해 / 터키,포르투갈,https://www.myrealtrip.com/countries?key_name=Portugal
유럽,동유럽 / 발틱3국,라트비아,https://www.myrealtrip.com/countries?key_name=Latvia
유럽,동유럽 / 발틱3국,루마니아,https://www.myrealtrip.com/countries?key_name=Romania
유럽,동유럽 / 발틱3국,마케도니아,https://www.myrealtrip.com/countries?key_name=Macedonia
유럽,동유럽 / 발틱3국,불가리아,https://www.myrealtrip.com/countries?key_name=Bulgaria
유럽,동유럽 / 발틱3국,슬로바키아,https://www.myrealtrip.com/countries?key_name=Slovakia
유럽,동유럽 / 발틱3국,에스토니아,https://www.myrealtrip.com/countries?key_name=Estonia
유럽,동유럽 / 발틱3국,조지아,https://www.myrealtrip.com/countries?key_name=Georgia
유럽,동유럽 / 발틱3국,체코,https://www.myrealtrip.com/countries?key_name=Czech+Republic
유럽,동유럽 / 발틱3국,폴란드,https://www.myrealtrip.com/countries?key_name=Poland
유럽,동유럽 / 발틱3국,헝가리,https://www.myrealtrip.com/countries?key_name=Hungary
유럽,북유럽,노르웨이,https://www.myrealtrip.com/countries?key_name=Norway
유럽,북유럽,덴마크,https://www.myrealtrip.com/countries?key_name=Denmark
유럽,북유럽,스웨덴,https://www.myrealtrip.com/countries?key_name=Sweden
유럽,북유럽,아이슬란드,https://www.myrealtrip.com/countries?key_name=Iceland
유럽,북유럽,핀란드,https://www.myrealtrip.com/countries?key_name=Finland
아시아,동남아,라오스,https://www.myrealtrip.com/countries?key_name=Laos
아시아,동남아,말레이시아,https://www.myrealtrip.com/countries?key_name=Malaysia
아시아,동남아,몰디브,https://www.myrealtrip.com/countries?key_name=Maldives
아시아,동남아,미얀마,https://www.myrealtrip.com/countries?key_name=Myanmar
아시아,동남아,베트남,https://www.myrealtrip.com/countries?key_name=Viet+Nam
아시아,동남아,브루나이,https://www.myrealtrip.com/countries?key_name=Brunei
아시아,동남아,인도네시아,https://www.myrealtrip.com/countries?key_name=Indonesia
아시아,동남아,캄보디아,https://www.myrealtrip.com/countries?key_name=Cambodia
아시아,동남아,태국,https://www.myrealtrip.com/countries?key_name=Thailand
아시아,동남아,필리핀,https://www.myrealtrip.com/countries?key_name=Philippines
아시아,중국 / 일본,일본,https://www.myrealtrip.com/countries?key_name=Japan
아시아,중국 / 일본,중국,https://www.myrealtrip.com/countries?key_name=China
아시아,국내,대한민국,https://www.myrealtrip.com/countries?key_name=Korea%2C+Republic+of
아시아,홍콩 / 마카오 / 대만 / 싱가폴,대만,https://www.myrealtrip.com/countries?key_name=Taiwan%2C+Province+of+China
아시아,홍콩 / 마카오 / 대만 / 싱가폴,마카오,https://www.myrealtrip.com/countries?key_name=Macao
아시아,홍콩 / 마카오 / 대만 / 싱가폴,싱가포르,https://www.myrealtrip.com/countries?key_name=Singapore
아시아,홍콩 / 마카오 / 대만 / 싱가폴,홍콩,https://www.myrealtrip.com/countries?key_name=Hong+Kong
아시아,중동,아랍에미리트,https://www.myrealtrip.com/countries?key_name=United+Arab+Emirates
아시아,중동,아제르바이잔,https://www.myrealtrip.com/countries?key_name=Azerbaijan
아시아,중동,요르단,https://www.myrealtrip.com/countries?key_name=Jordan
아시아,중동,이스라엘,https://www.myrealtrip.com/countries?key_name=Israel
아시아,중동,카타르,https://www.myrealtrip.com/countries?key_name=Qatar
아시아,중동,쿠웨이트,https://www.myrealtrip.com/countries?key_name=Kuwait
아시아,인도 / 중남아시아,네팔,https://www.myrealtrip.com/countries?key_name=Nepal
아시아,인도 / 중남아시아,몽골,https://www.myrealtrip.com/countries?key_name=Mongolia
아시아,인도 / 중남아시아,부탄,https://www.myrealtrip.com/countries?key_name=Bhutan
아시아,인도 / 중남아시아,인도,https://www.myrealtrip.com/countries?key_name=India
아메리카,미국 / 캐나다,미국,https://www.myrealtrip.com/countries?key_name=United+States+of+America
아메리카,미국 / 캐나다,세인트 루시아,https://www.myrealtrip.com/countries?key_name=Saint+Lucia
아메리카,미국 / 캐나다,캐나다,https://www.myrealtrip.com/countries?key_name=Canada
아메리카,중남미,과테말라,https://www.myrealtrip.com/countries?key_name=Guatemala
아메리카,중남미,도미니카 공화국,https://www.myrealtrip.com/countries?key_name=Dominican+Republic
아메리카,중남미,멕시코,https://www.myrealtrip.com/countries?key_name=Mexico
아메리카,중남미,베네수엘라,https://www.myrealtrip.com/countries?key_name=Venezuela%2C+Bolivarian+Republic+of
아메리카,중남미,브라질,https://www.myrealtrip.com/countries?key_name=Brazil
아메리카,중남미,아루바,https://www.myrealtrip.com/countries?key_name=Aruba
아메리카,중남미,아르헨티나,https://www.myrealtrip.com/countries?key_name=Argentina
아메리카,중남미,코스타리카,https://www.myrealtrip.com/countries?key_name=Costa+Rica
아메리카,중남미,콜롬비아,https://www.myrealtrip.com/countries?key_name=Colombia
아메리카,중남미,쿠바,https://www.myrealtrip.com/countries?key_name=Cuba
아메리카,중남미,페루,https://www.myrealtrip.com/countries?key_name=Peru
아메리카,중남미,포클랜드,https://www.myrealtrip.com/countries?key_name=Falkland+Islands+%28Malvinas%29
오세아니아,호주 / 뉴질랜드,뉴질랜드,https://www.myrealtrip.com/countries?key_name=New+Zealand
오세아니아,호주 / 뉴질랜드,호주,https://www.myrealtrip.com/countries?key_name=Australia
오세아니아,남태평양,괌,https://www.myrealtrip.com/countries?key_name=Guam
오세아니아,남태평양,사이판,https://www.myrealtrip.com/countries?key_name=Northern+Mariana+Islands
오세아니아,남태평양,쿠크 군도,https://www.myrealtrip.com/countries?key_name=Cook+Islands
아프리카,아프리카,가봉,https://www.myrealtrip.com/countries?key_name=Gabon
아프리카,아프리카,남아프리카 공화국,https://www.myrealtrip.com/countries?key_name=South+Africa
아프리카,아프리카,모로코,https://www.myrealtrip.com/countries?key_name=Morocco
아프리카,아프리카,이집트,https://www.myrealtrip.com/countries?key_name=Egypt
